K,train_samples,best_alpha,best_C,val_macro_f1,test_accuracy,test_macro_f1,runtime_sec
32,256,0.35,5.0,0.6551127148435534,0.5450819672131147,0.5588819010866346,8.913238958004513
64,512,0.35,10.0,0.6507700757328301,0.5573770491803278,0.5690177686394349,8.650259665999329
128,1024,0.35,5.0,0.7218656881226926,0.6260245901639344,0.617068447782191,15.329509583010804
