Method,Accuracy,Macro-F1
Zero-shot (CLIP prompts),0.5686475409836066,0.5029628883630968
"Few-shot (CLIP fusion + LR, K=64)",0.5573770491803278,0.5690177686394349
